Country_Region,2013-Q1,2013-Q2,2013-Q3,2013-Q4,2014-Q1,2014-Q2,2014-Q3,2014-Q4,2015-Q1,2015-Q2,2015-Q3,2015-Q4,2016-Q1,2016-Q2,2016-Q3,2016-Q4,2017-Q1,2017-Q2,2017-Q3,2017-Q4,2018-Q1,2018-Q2,2018-Q3,2018-Q4,2019-Q1,2019-Q2,2019-Q3,2019-Q4,2020-Q1,2020-Q2
Albania,"311,323.98","359,026.48","325,848.11","353,854.07","315,137.51","370,523.71","348,624.36","361,019.05","318,751.16","383,681.15","360,196.42","371,677.79","332,995.42","385,337.80","366,016.82","388,129.09","351,316.69","410,173.12","385,208.04","403,947.64","374,717.67","431,961.66","408,940.88","420,094.42","384,734.56","446,499.15","426,243.12","420,953.68","372,419.46",...
Argentina,"722,245.21","846,952.73","859,136.64","919,973.91","979,412.22","1,175,657.38","1,171,375.78","1,252,641.05","1,273,173.44","1,487,869.71","1,555,432.69","1,638,035.06","1,751,661.26","2,103,639.12","2,131,907.21","2,240,951.97","2,310,219.43","2,639,552.08","2,779,105.58","2,931,351.41","3,059,794.12","3,508,513.65","3,779,530.91","4,194,883.47","4,353,028.26","5,227,421.29","5,571,813.82","6,294,986.50","6,338,081.20",...
Armenia,"784,166.20","978,205.10","1,363,072.30","1,430,194.60","814,938.40","1,030,592.90","1,443,501.10","1,539,593.90","879,565.70","1,105,248.00","1,523,902.70","1,534,916.80","893,634.20","1,132,260.60","1,525,628.40","1,515,770.30","971,041.00","1,212,700.80","1,587,405.40","1,793,346.10","1,115,563.90","1,362,703.90","1,687,018.40","1,851,749.00","1,245,326.60","1,489,641.70","1,835,351.00","1,998,711.50","1,267,150.80",...
Australia,"369,422.00","390,707.00","392,506.00","415,620.00","386,766.00","403,637.00","402,050.00","421,518.00","392,269.00","408,765.00","411,315.00","428,085.00","398,628.00","422,686.00","424,755.00","457,419.00","430,989.00","450,463.00","453,095.00","473,972.00","448,304.00","474,510.00","476,946.00","500,448.00","471,065.00","499,996.00","503,233.00","520,580.00",...,...
Austria,"77,522.78","79,823.97","81,859.46","84,704.00","79,535.22","82,248.55","84,017.54","87,344.76","81,806.64","84,854.18","87,238.71","90,369.71","85,749.70","88,018.81","89,865.03","93,666.17","89,024.39","91,359.29","93,252.62","96,659.46","93,550.57","94,901.84","96,382.53","100,877.01","97,133.28","98,334.23","99,690.64","103,475.41","95,807.60","86,768.34"
Azerbaijan,"12,917.50","13,919.20","15,466.00","15,879.30","13,143.10","15,317.40","15,886.90","14,666.70","11,604.30","14,170.40","14,096.00","14,509.30","12,510.00","15,161.60","15,970.50","16,751.50",...,...,...,...,...,...,...,...,...,...,...,...,...,...
Bahrain,"3,013.37","2,972.20","3,102.76","3,146.50","3,047.04","3,172.77","3,236.68","3,097.29","2,860.83","3,002.93","2,962.79","2,876.76","2,852.36","2,998.27","3,066.98","3,061.15",...,...,...,...,...,...,...,...,...,...,...,...,...,...
Belarus,"13,701.36","16,372.03","18,573.68","18,421.78","16,670.21","19,125.68","22,635.56","22,147.82","19,821.31","21,597.59","24,524.41","23,966.50","21,121.70","23,052.50","25,720.60","25,054.20","22,652.40","25,341.20","28,569.20","29,185.40","26,766.10","29,341.80","33,127.30","33,084.50","29,077.20","31,688.00","36,170.10","35,016.40",...,...
Belgium,"94,778.00","99,134.00","95,256.00","103,712.00","97,159.00","100,995.00","98,215.00","106,635.00","100,109.00","104,882.00","101,419.00","110,292.00","102,346.00","108,946.00","104,775.00","114,164.00","107,411.00","112,629.00","107,836.00","118,081.00","110,159.00","115,940.00","110,936.00","122,496.00","113,551.00","119,225.00","114,424.00","125,885.00","111,819.00",...
Bolivia,"49,829.50","52,449.20","53,503.67","56,073.67","53,960.57","56,635.19","57,868.43","59,539.47","55,975.75","56,814.28","56,306.19","58,935.15","55,360.46","56,563.70","59,641.19","62,967.83","61,026.42","61,794.11","66,836.44","69,527.74","66,707.98","66,902.39","69,456.04",...,...,...,...,...,...,...
Bosnia and Herzegovina,"6,116.76","6,632.27","7,272.48","6,757.25","6,305.43","6,606.85","7,294.99","7,151.44","6,420.21","7,053.91","7,732.43","7,382.51","6,746.97","7,290.44","8,109.74","7,757.31","7,067.66","7,634.72","8,523.31","8,150.54","7,590.29","8,255.59","8,937.33","8,660.85","7,987.56","8,694.18","9,390.98","8,958.80","8,247.22",...
Botswana,"28,429.30","32,466.00","31,665.60","32,597.50","34,491.50","37,703.60","36,156.20","37,517.10","36,649.70","37,398.90","24,394.49","25,087.84","23,571.77","23,702.57","21,692.70","23,936.80","20,331.29","22,479.74","21,902.30","21,902.30",...,...,...,...,...,...,...,...,...,...
Brazil,"1,241,621.76","1,322,587.42","1,354,133.22","1,413,276.59","1,385,945.43","1,422,288.32","1,462,126.27","1,508,592.98","1,456,836.78","1,480,130.86","1,508,219.71","1,550,599.65","1,499,483.08","1,558,285.59","1,577,224.26","1,634,335.07","1,589,214.39","1,633,651.30","1,647,680.12","1,712,773.19","1,657,833.65","1,704,702.31","1,736,935.00","1,789,705.13","1,725,680.60","1,795,805.84","1,842,110.27",...,...,...
Brunei,"6,067.50","5,626.40","5,347.10","5,597.70","5,737.20","5,479.20","5,209.60","5,245.60","4,655.60","4,526.30","4,321.90","4,274.20","3,940.70","4,029.40","3,763.60","4,014.00",...,...,...,...,...,...,...,...,...,...,...,...,...,...
Bulgaria,"17,247.01","19,914.98","21,976.00","22,781.40","16,871.28","20,141.27","23,280.96","23,563.67","18,238.71","22,112.20","24,065.51","24,916.39","19,622.27","22,927.43","25,820.45","26,721.83","20,921.76","24,895.38","27,893.66","28,597.15","22,256.96","26,649.16","30,429.77","30,358.92","24,860.12","29,473.94","31,652.46","32,682.27","25,574.66",...
Cabo Verde,"36,712.01","39,291.03","38,368.61","39,351.52","38,213.89","38,932.03","37,291.44","39,998.39","38,969.38","39,248.31","37,302.83","41,004.55","40,432.22","40,103.83","37,960.79","42,745.26",...,...,...,...,...,...,...,...,...,...,...,...,...,...
Canada,"443,125.00","460,401.00","500,963.00","497,758.00","467,345.00","488,985.00","524,490.00","514,078.00","472,379.00","487,051.00","521,592.00","509,419.00","475,252.00","490,410.00","530,194.00","529,679.00","499,356.00","524,610.00","559,684.00","557,457.00","521,971.00","545,995.00","585,742.00","570,148.00","536,870.00","568,190.00","601,987.00","596,831.00","544,563.00",...
Chile,"33,213,415.65","33,990,993.14","33,433,372.17","37,238,434.81","36,077,487.99","36,627,476.84","35,772,848.19","40,121,640.86","39,179,707.77","39,535,450.04","38,263,478.33","42,574,712.17","41,953,610.81","41,447,910.35","40,805,268.50","45,330,598.07","43,602,201.25","44,040,884.58","43,782,195.77","48,330,844.19","47,222,448.99","47,526,133.84","45,751,315.72","50,766,053.53","49,022,753.16","49,487,887.09","48,370,573.62","51,559,492.97","51,295,492.82",...
"Hong Kong, China","509,631.00","492,375.00","551,059.00","585,240.00","535,907.00","526,194.00","580,793.00","617,111.00","572,160.00","565,750.00","614,251.00","646,119.00","590,556.00","585,135.00","636,333.00","678,414.00","631,418.00","628,277.00","679,352.00","720,337.00","684,538.00","673,764.00","723,240.00","753,619.00","707,866.00","694,280.00","719,326.00","744,207.00","662,938.00",...
"Macau, China","94,508.00","97,063.00","101,895.00","118,399.00","115,196.00","112,519.00","106,976.00","107,379.00","94,215.00","88,973.00","86,994.00","92,032.00","85,515.00","84,180.00","91,455.00","101,418.00","96,004.00","96,673.00","101,438.00","113,214.00","108,939.00","107,048.00","108,143.00","120,536.00","108,184.00","107,123.00","105,766.00",...,...,...
China,"12,944,960.00","14,351,870.00","15,222,270.00","16,777,230.00","14,027,020.00","15,592,230.00","16,489,780.00","18,019,030.00","15,059,380.00","16,787,450.00","17,580,380.00","19,172,080.00","16,096,730.00","17,987,870.00","18,933,760.00","20,987,720.00","17,940,340.00","19,917,780.00","20,982,410.00","23,234,900.00","19,792,000.00","21,929,540.00","22,949,550.00","25,359,860.00","21,343,280.00","23,750,030.00","24,686,510.00",...,...,...
Colombia,"164,513,822.35","173,091,911.49","181,901,707.87","194,585,558.28","180,397,235.02","183,074,416.99","193,011,138.51","206,420,209.49","188,243,533.95","190,710,073.00","206,458,163.41","219,280,229.65","202,054,740.78","206,731,226.87","218,404,579.50","236,591,452.85","216,211,425.08","219,539,715.73","233,732,502.80","250,987,356.39","230,427,917.54","235,986,819.55","251,201,588.58","268,314,674.32","245,390,043.40","254,860,475.21","270,789,880.52","290,689,132.42","256,507,783.66",...
Costa Rica,"6,190,212.05","6,056,542.78","6,066,823.53","6,547,365.14","6,715,608.77","6,622,586.30","6,660,007.48","7,228,680.89","7,327,763.36","7,136,214.22","7,156,114.06","7,661,281.67","7,775,046.30","7,594,080.41","7,564,260.88","8,202,822.91","8,302,394.48","8,065,365.94","8,035,843.22","8,611,215.13","8,751,790.36","8,497,196.98","8,406,070.11","9,038,360.21","9,201,875.83","8,753,977.64","8,749,920.79",...,...,...
Croatia,"75,282.52","84,212.68","90,383.60","81,330.26","73,959.03","83,765.65","91,250.30","82,367.79","75,430.20","85,627.95","94,069.01","84,568.90","77,019.91","87,959.49","98,645.46","87,543.81","79,587.17","92,337.95","103,307.02","91,194.00","83,350.69","96,778.70","108,245.69","94,590.11","88,104.09","100,460.05","112,904.97","98,633.10","90,223.85",...
Cyprus,"4,309.50","4,644.90","4,590.80","4,449.80","4,175.80","4,405.40","4,488.40","4,338.90","4,193.80","4,491.20","4,573.60","4,568.30","4,382.50","4,717.20","4,872.30","4,900.80","4,679.20","5,040.90","5,185.00","5,134.60","4,975.50","5,447.10","5,415.90","5,299.40","5,169.90","5,602.30","5,691.30","5,480.10","5,247.70",...
Czechia,"955,889.00","1,034,830.00","1,052,330.00","1,099,762.00","997,951.00","1,088,654.00","1,116,501.00","1,142,660.00","1,066,579.00","1,163,326.00","1,184,154.00","1,211,319.00","1,114,961.00","1,215,075.00","1,216,961.00","1,249,876.00","1,168,642.00","1,285,296.00","1,305,042.00","1,351,763.00","1,247,727.00","1,357,697.00","1,373,688.00","1,429,654.00","1,327,947.00","1,440,896.00","1,470,239.00","1,509,586.00","1,352,409.00",...
Denmark,"464,259.20","487,524.70","482,170.40","495,722.70","479,593.60","495,208.50","493,651.70","512,711.10","495,858.10","513,524.80","505,857.90","521,115.40","504,761.20","534,094.70","521,505.90","547,446.50","527,687.10","552,407.50","535,764.20","559,247.20","535,333.40","567,780.70","559,092.50","583,747.40","555,825.30","584,431.80","575,855.20","598,395.60","565,527.10",...
Dominican Republic,"623,151.16","643,436.91","647,218.94","705,962.68","689,474.43","712,913.08","707,012.81","768,127.49","744,416.59","765,465.72","759,591.19","830,177.70","801,373.49","832,951.96","818,031.01","881,062.81","861,277.68","897,091.20","884,417.31","970,360.95",...,...,...,...,...,...,...,...,...,...
Ecuador,"23,019.79","23,441.32","24,238.58","24,429.97","24,831.49","25,543.28","25,942.91","25,408.65","25,052.74","25,086.20","24,779.74","24,371.71","24,913.57","24,926.19","24,910.74","25,187.20","26,000.26","25,993.55","25,960.91","26,341.14","26,510.61","26,761.83","27,078.40","27,211.17","26,757.82","26,937.63","26,922.52","26,817.70","25,878.60",...
Egypt,"423,600.00","446,200.00","518,000.00","499,300.00",...,...,...,...,...,...,...,...,...,...,...,...,...,...,...,...,...,...,...,...,...,...,...,...,...,...
El Salvador,"5,205.76","5,549.60","5,431.32","5,804.29","5,431.12","5,703.06","5,592.72","5,866.58","5,613.83","5,867.32","5,831.96","6,125.13","5,690.32","6,177.99","5,966.10","6,357.03","5,938.98","6,274.42","6,152.20","6,613.60","6,203.12","6,571.08","6,467.90","6,875.30","6,454.95","6,766.98","6,711.04","7,089.67",...,...
Estonia,"4,451.08","4,831.76","4,868.94","4,881.61","4,660.47","5,107.68","5,098.24","5,313.60","4,767.02","5,280.91","5,295.39","5,438.90","5,020.34","5,431.72","5,457.21","5,784.36","5,436.94","6,044.84","5,952.44","6,341.60","5,929.71","6,586.11","6,537.61","6,982.43","6,475.50","7,123.91","7,045.24","7,393.12","6,494.83",...
Euro Area,"2,398,964.72","2,482,486.27","2,483,485.03","2,568,858.37","2,463,916.69","2,529,353.88","2,539,363.17","2,635,617.80","2,537,744.83","2,619,462.70","2,631,486.20","2,735,631.87","2,611,241.53","2,706,676.75","2,694,116.33","2,804,168.55","2,704,420.91","2,787,340.79","2,795,442.95","2,918,908.07","2,803,242.69","2,885,595.88","2,876,534.41","3,006,253.01","2,888,555.52","2,969,778.73","2,972,506.90","3,089,332.85","2,856,934.67",...
Finland,"48,547.00","51,645.00","50,814.00","53,315.00","49,332.00","52,112.00","51,457.00","53,996.00","50,016.00","53,439.00","52,436.00","55,494.00","51,527.00","54,877.00","54,129.00","56,985.00","53,733.00","56,865.00","55,918.00","59,417.00","55,775.00","58,900.00","57,845.00","61,142.00","57,197.00","60,931.00","59,887.00","62,542.00","57,742.00",...
France,"521,533.00","531,021.00","520,498.00","544,137.00","531,277.00","536,564.00","528,547.00","553,377.00","543,067.00","549,141.00","540,391.00","565,833.00","554,048.00","561,651.00","545,549.00","572,881.00","565,893.00","573,586.00","563,639.00","594,125.00","582,592.00","587,967.00","579,344.00","610,783.00","597,744.00","606,644.00","597,918.00","623,402.00","577,697.00","509,045.00"
Georgia,"5,914.46","6,900.92","7,510.71","8,266.95","6,561.22","7,545.65","8,206.35","8,810.88","7,048.02","8,430.94","8,998.90","9,457.15","7,581.86","8,787.32","9,464.09","10,002.75","8,662.42","9,868.13","10,940.55","11,290.57","9,551.45","10,935.75","11,850.94","12,261.20","10,199.90","12,024.93","13,446.52","14,330.82","11,063.76",...
Germany,"682,360.00","692,930.00","714,670.00","721,390.00","716,700.00","717,360.00","740,720.00","752,650.00","737,210.00","741,980.00","765,670.00","781,320.00","762,950.00","779,080.00","788,980.00","803,730.00","796,940.00","799,040.00","821,890.00","841,990.00","821,150.00","831,070.00","839,800.00","864,390.00","845,820.00","846,940.00","870,150.00","886,140.00","850,760.00","768,020.00"
Greece,"42,277.42","45,866.21","47,731.89","44,778.75","40,831.99","44,595.25","48,115.28","45,113.96","40,716.30","44,697.35","46,710.01","45,134.69","40,225.58","44,678.67","47,031.97","44,551.74","40,813.03","45,424.47","48,497.47","45,482.63","41,925.58","46,287.19","50,073.84","46,427.00","42,592.04","47,787.04","50,924.64","46,152.77","41,483.10",...
Guatemala,"99,738.42","102,229.08","105,716.35","115,413.90","106,442.21","109,515.49","113,872.74","124,222.31","116,362.03","117,106.43","121,994.44","132,665.31","123,855.78","125,323.02","129,839.71","142,818.36","132,651.90","132,110.57","137,550.49","153,335.87","139,141.24","140,586.75","146,712.56",...,...,...,...,...,...,...
Hungary,"6,703,328.00","7,514,779.00","7,804,759.00","8,267,461.00","7,254,091.00","8,096,052.00","8,468,908.00","8,875,157.00","7,659,648.00","8,516,859.00","8,904,790.00","9,703,907.00","7,901,185.00","8,968,316.00","9,195,755.00","9,831,073.00","8,481,115.00","9,597,942.00","9,947,983.00","10,808,181.00","9,260,969.00","10,489,384.00","11,003,282.00","11,908,170.00","10,202,546.00","11,579,676.00","12,043,125.00","12,961,367.00","10,810,577.00",...
Iceland,"471,633.53","476,310.56","511,431.28","499,585.72","468,562.44","500,618.74","558,096.95","546,282.36","536,673.06","572,052.91","600,241.75","584,980.11","560,669.26","611,382.71","669,817.48","649,066.93","593,771.76","640,677.53","700,846.89","681,010.12","643,415.87","687,168.26","734,280.50","722,521.38","664,815.67","741,067.57","773,823.52","785,910.25","678,131.05",...
India,"25,620,226.30","27,695,570.30","28,893,893.74","30,517,958.44","29,104,480.00","30,565,790.00","31,753,319.06","32,996,279.75","32,416,910.00","33,540,934.12","34,749,284.56","36,933,237.81","36,341,678.79","37,500,412.23","38,651,615.06","41,130,154.06","40,229,876.38","41,760,311.55","43,105,297.65","45,854,562.59","45,306,846.42","46,787,273.42","47,843,279.53","50,164,242.57",...,...,...,...,...,...
Indonesia,"2,235,288,500.00","2,342,589,500.00","2,491,158,500.00","2,477,097,500.00","2,506,300,200.00","2,618,947,300.00","2,746,762,400.00","2,697,695,400.00","2,728,180,700.00","2,867,948,400.00","2,990,645,000.00","2,939,558,700.00","2,929,269,000.00","3,073,536,700.00","3,205,019,000.00","3,193,903,800.00","3,228,172,200.00","3,366,787,300.00","3,504,138,500.00","3,490,727,700.00","3,511,408,700.00","3,685,610,800.00","3,842,159,900.00","3,799,132,100.00","3,783,859,300.00","3,963,861,700.00","4,067,378,000.00","4,018,844,400.00","3,922,613,800.00",...
Iran,"2,244,347,923.11","2,704,578,508.39","2,507,928,571.20","2,477,112,814.61","2,765,334,641.04","3,238,910,945.08","2,874,873,587.59","2,638,368,450.35","2,772,917,948.93","3,174,276,132.71","2,732,298,290.71","2,734,674,619.54","2,919,933,905.63","3,570,394,902.07","3,234,905,797.10","3,426,024,459.91",...,...,...,...,...,...,...,...,...,...,...,...,...,...
Ireland,"43,301.61","44,368.38","46,864.12","45,082.20","46,486.98","48,298.83","50,599.58","49,762.75","63,269.95","62,956.14","67,917.00","68,710.24","64,559.71","63,418.94","68,742.56","74,088.26","70,026.92","70,462.59","78,253.17","81,644.18","79,650.17","78,003.66","85,041.47","84,290.77","84,928.89","84,930.93","93,224.99","92,966.36","90,753.48",...
Israel,"251,830.34","266,100.59","267,614.67","271,092.88","269,499.50","274,002.28","276,285.95","287,789.21","285,714.99","290,207.94","290,092.68","299,308.03","298,226.99","301,082.91","311,135.83","314,505.31","310,000.09","316,063.92","318,382.35","327,108.91","323,017.68","328,739.88","333,829.40","345,030.72","344,734.93","344,368.98","355,484.58",...,...,...
Italy,"379,823.80","402,849.90","402,171.90","427,904.70","386,404.40","405,485.90","404,526.20","430,989.10","389,376.40","412,547.60","413,272.60","440,158.40","401,707.90","423,853.10","422,081.80","448,144.00","411,591.40","432,251.70","430,781.20","461,968.60","421,624.70","441,008.70","436,129.40","467,405.40","426,731.70","443,963.00","443,239.50","473,729.70","405,871.60",...
Jamaica,"348,473.64","347,074.28","359,196.45","376,353.36","379,621.06","374,587.21","380,649.36","406,861.21","409,742.31","408,455.98","407,893.70","441,101.45","434,667.79","433,510.94","432,459.40","454,089.19",...,...,...,...,...,...,...,...,...,...,...,...,...,...
Japan,"123,290,400.00","123,962,300.00","124,080,000.00","131,842,800.00","127,370,100.00","126,615,900.00","125,507,400.00","134,382,600.00","131,729,200.00","131,433,800.00","130,273,600.00","137,883,200.00","133,195,400.00","132,294,800.00","130,701,600.00","139,345,400.00","134,509,000.00","134,461,100.00","134,034,100.00","142,893,200.00","136,197,800.00","136,033,900.00","133,231,700.00","141,662,200.00","137,445,500.00","137,791,400.00","136,341,900.00","142,383,300.00",...,...
Kazakhstan,"6,966,935.00","7,533,057.20","9,268,001.20","12,231,031.70","7,933,827.50","8,549,124.70","10,558,035.10","12,634,845.60","8,267,517.70","8,536,900.40","10,632,118.60","13,447,596.90","9,309,090.90","10,047,966.00","11,998,069.20","15,616,023.90","10,431,358.00","11,114,911.70","13,595,795.50",...,...,...,...,...,...,...,...,...,...,...
"Korea, Rep. of","355,384,700.00","373,096,500.00","379,887,200.00","392,450,800.00","373,559,700.00","388,566,900.00","393,425,400.00","407,377,000.00","394,261,800.00","411,336,500.00","420,849,600.00","431,572,600.00","413,321,800.00","434,542,900.00","439,401,900.00","453,512,900.00","433,537,200.00","453,891,300.00","473,660,900.00","474,608,700.00","449,511,100.00","471,629,900.00","484,491,500.00","487,864,600.00","454,699,800.00","477,978,900.00","486,374,200.00","494,910,700.00",...,...
"Kosovo, Rep. of","1,069.22","1,395.66","1,466.27","1,395.40","1,167.10","1,403.65","1,548.23","1,448.28","1,201.03","1,459.64","1,616.81","1,529.52","1,258.96","1,531.67","1,695.69","1,584.36","1,296.27","1,630.29","1,809.84","1,677.14","1,347.35","1,719.25","1,869.71","1,789.78","1,421.32","1,823.96","1,967.39","1,866.95","1,437.69",...
Kyrgyz Rep.,"62,957.70","76,846.90","103,201.40","112,288.80","69,449.10","84,316.60","116,879.10","130,049.20","80,709.70","92,915.40","120,251.00","129,759.40","78,799.00","97,238.10","134,046.10","142,595.80","86,143.10",...,...,...,...,...,...,...,...,...,...,...,...,...
Latvia,"5,037.90","5,653.09","5,964.23","6,147.80","5,284.49","5,859.39","6,171.44","6,338.83","5,416.10","6,111.57","6,426.89","6,471.40","5,586.11","6,260.64","6,498.67","6,727.22","5,905.61","6,697.21","7,030.40","7,164.61","6,305.74","7,275.08","7,640.91","7,834.32","6,761.30","7,650.35","8,043.97","8,020.46","6,750.92",...
Lithuania,"7,704.84","8,771.09","9,517.31","8,991.75","8,180.41","9,200.55","9,889.37","9,274.42","8,208.35","9,360.99","10,122.96","9,629.52","8,566.86","9,744.14","10,473.05","10,109.32","9,313.72","10,487.93","11,451.43","11,016.29","9,967.09","11,229.38","12,070.07","11,997.84","10,719.45","12,052.25","12,903.65","12,757.48","11,123.61","11,471.89"
Luxembourg,"10,935.20","11,582.02","11,492.71","12,489.56","12,048.12","12,124.21","12,307.06","13,344.98","12,713.06","13,005.51","12,455.11","13,892.11","13,170.91","13,532.80","13,462.29","14,701.22","13,672.63","14,068.37","13,822.29","15,250.90","14,377.40","14,845.99","14,829.89","15,999.78","15,091.31","15,824.41","15,628.87","16,971.74","15,480.90",...
Malaysia,"241,834.00","245,051.00","258,245.00","273,484.00","265,983.00","272,369.00","278,762.00","289,328.00","277,698.00","283,722.00","292,722.00","304,371.00","290,946.00","298,998.00","312,163.00","328,914.00","324,577.00","329,787.00","343,008.00","356,009.00","343,151.00","348,979.00","363,085.00","374,627.00",...,...,...,...,...,...
Malta,"1,779.65","1,915.11","2,027.56","1,929.22","1,986.26","2,113.68","2,229.92","2,196.35","2,248.11","2,401.87","2,533.14","2,473.49","2,458.95","2,563.71","2,703.75","2,643.32","2,684.81","2,811.08","2,973.20","2,852.65","2,888.90","3,096.60","3,275.89","3,141.44","3,133.80","3,299.25","3,479.58","3,364.63","3,192.76",...
Mauritius,"86,228.00","90,540.00","92,605.00","103,024.00","90,515.00","96,802.00","97,155.00","107,590.00","95,623.00","100,197.00","102,148.00","111,924.00","101,639.00","106,372.00","108,007.00","118,747.00","106,951.00","112,872.00","112,767.00","124,874.00","112,869.00","120,441.00","118,414.00",...,...,...,...,...,...,...
Mexico,"3,942,436.87","4,050,038.22","4,050,859.21","4,233,852.78","4,185,295.21","4,353,995.75","4,363,317.22","4,571,233.36","4,441,597.37","4,617,455.19","4,664,668.32","4,827,738.39","4,744,496.84","4,992,520.01","5,038,660.54","5,342,423.53","5,324,443.90","5,453,628.33","5,426,160.76","5,707,660.80","5,678,301.46","5,911,460.90","5,826,988.03","6,074,756.63","5,992,873.85","6,080,970.20","5,990,647.31","6,174,640.66",...,...
Moldova,"23,518.12","28,351.57","35,832.90","31,830.28","25,632.58","31,383.37","40,774.62","35,691.07","29,177.61","34,115.62","42,949.06","39,511.35","32,330.65","37,571.47","47,568.56","43,343.89","35,132.54","40,701.45","54,233.51","48,813.39","37,908.30","44,693.63","58,217.29","51,689.33","41,214.96","49,758.51","64,410.44","54,967.17","43,685.33",...
Mongolia,"3,508,102.40","5,077,543.40","5,281,732.40","5,306,864.30","4,222,086.50","5,970,325.30","6,366,832.30","5,667,810.20","4,643,453.60","6,041,806.60","6,463,642.60","6,001,482.80","4,738,100.20","6,221,958.20","6,290,160.80","6,692,647.20","5,831,456.60","7,240,074.50","7,317,453.00","7,506,540.10","6,758,521.90","8,408,131.40","8,293,359.50",...,...,...,...,...,...,...
Montenegro,637.77,788.14,"1,101.90",834.67,663.64,800.42,"1,125.02",868.85,686.3,859.34,"1,189.22",919.65,729.5,920.47,"1,291.33","1,012.92",783.81,"1,008.27","1,416.29","1,090.72",848.71,"1,108.23","1,531.06","1,175.14",886.03,"1,151.55","1,630.57","1,239.75",913.12,...
Morocco,"216,036.00","218,589.76","216,511.73","221,653.74","220,144.92","230,247.00","222,894.00","237,074.00","245,666.00","242,731.00","243,917.00","254,017.00","247,929.00","251,806.00","250,809.00","261,830.00","258,043.00","261,789.00","262,969.00","272,593.00",...,...,...,...,...,...,...,...,...,...
Netherlands,"161,409.00","168,105.00","161,493.00","169,456.00","164,432.00","169,898.00","163,863.00","173,367.00","166,535.00","175,441.00","170,501.00","177,531.00","171,335.00","179,918.00","174,235.00","182,849.00","178,225.00","187,838.00","181,702.00","190,381.00","188,086.00","196,773.00","190,226.00","198,902.00","196,565.00","206,487.00","199,281.00","207,914.00","200,967.00",...
New Zealand,"55,526.00","55,040.00","54,922.00","62,551.00","60,206.00","59,119.00","57,497.00","63,708.00","61,874.00","61,908.00","60,426.00","66,605.00","65,545.00","65,126.00","63,832.00","71,427.00","70,004.00","69,349.00","68,796.00","77,013.00","73,946.00","73,142.00","71,458.00","79,027.00","76,698.00","76,104.00","74,932.00","83,300.00",...,...
Nigeria,"18,522,185.10","20,149,674.20","20,703,824.60","21,634,280.80","20,381,903.54","21,957,446.05","23,232,819.39","24,564,815.67","21,242,543.07","23,080,911.17","24,627,752.28","26,226,529.16","22,435,464.29","23,737,297.49","26,871,010.76","29,531,645.49","26,228,851.52",...,...,...,...,...,...,...,...,...,...,...,...,...
North Macedonia,"109,082.25","127,692.71","131,072.03","134,044.01","120,689.72","134,262.15","134,107.44","138,571.69","128,439.38","138,813.89","143,586.62","148,113.73","135,707.09","146,029.49","154,078.80","158,979.42","143,436.12","150,671.58","159,616.72","164,381.27","151,570.00","161,388.51","167,567.55","177,527.23","163,049.61","169,422.03","177,644.70","187,428.74","165,682.60",...
Norway,"747,978.00","759,086.00","752,190.00","811,971.00","795,082.00","770,454.00","763,226.00","812,052.00","778,574.00","779,479.00","762,868.00","790,248.00","748,856.00","779,497.00","747,394.00","822,401.00","832,955.00","802,847.00","792,070.00","867,510.00","862,893.00","875,293.00","862,446.00","930,228.00","902,367.00","868,386.00","848,582.00","930,025.00","901,222.00",...
Paraguay,"42,269,507.14","40,792,316.99","39,779,858.36","43,872,904.38","45,041,113.69","43,843,655.47","43,007,943.09","47,828,896.95","46,213,986.94","45,731,218.48","45,894,730.01","50,390,787.89","49,164,479.59","49,477,963.46","51,398,177.64","54,406,657.59","54,670,990.40","52,521,629.20","53,667,473.64","58,328,323.63","58,221,782.91","57,417,843.21","54,934,337.57","60,915,313.89","59,284,095.12","56,740,949.63","57,813,751.26","64,215,351.69",...,...
Peru,"122,916.39","133,263.12","135,728.93","142,798.21","134,852.66","142,909.40","145,943.50","152,674.49","140,937.60","152,929.29","154,507.51","164,129.97","152,606.28","163,069.09","167,107.48","175,932.04","162,726.77",...,...,...,...,...,...,...,...,...,...,...,...,...
Philippines,"2,772,721.44","2,993,984.53","2,914,503.45","3,369,382.56","3,035,914.96","3,296,724.14","3,174,415.96","3,699,773.19","3,204,277.05","3,493,899.84","3,330,582.62","3,915,397.94","3,437,649.72","3,791,145.29","3,644,978.90","4,258,607.56","3,745,533.03","4,153,954.14","4,017,921.78","4,639,242.14","4,101,138.01","4,568,791.82","4,450,212.83","5,145,047.61","4,422,950.88","4,857,262.38","4,729,028.45","5,507,176.56","4,473,249.60",...
Poland,"381,790.90","401,989.00","407,575.20","465,540.40","399,536.90","418,230.90","425,004.30","477,657.90","415,705.20","434,231.10","439,971.70","510,334.90","430,175.30","450,125.20","454,818.70","526,029.30","458,470.40","478,896.00","491,407.20","560,577.70","488,225.50","508,460.60","525,998.80","597,794.60","521,714.50","548,099.40","565,833.40","637,908.70","552,227.90",...
Portugal,"40,735.43","42,240.44","43,459.53","44,056.87","41,068.11","43,644.37","44,392.16","43,949.05","42,847.15","45,444.90","45,985.12","45,436.00","44,688.39","47,013.13","47,640.56","47,147.73","46,623.17","49,364.15","49,952.78","50,007.10","48,567.76","51,211.93","52,119.50","52,405.58","50,649.42","53,092.60","53,960.98","54,617.62","50,557.78",...
Qatar,"184,386.91","174,597.26","180,040.87","184,343.59","196,893.10","189,356.65","188,804.04","175,603.75","154,131.26","152,091.76","148,999.36","144,072.47","131,794.00","134,814.00","141,278.00","147,100.00",...,...,...,...,...,...,...,...,...,...,...,...,...,...
Romania,"121,373.10","148,031.30","175,220.90","190,834.10","129,461.60","156,750.70","184,125.20","198,252.60","139,960.80","163,035.00","197,460.60","212,131.40","147,337.10","179,567.50","208,002.80","230,228.00","164,727.80","197,201.40","237,636.60","258,329.90","180,990.90","219,013.80","265,125.40","287,266.70","202,920.00","245,061.80","290,460.80","321,360.60","215,965.20",...
Russia,"16,370,002.90","17,507,881.80","19,003,469.30","20,104,347.10","17,311,393.60","19,044,189.40","20,544,004.20","22,130,452.90","18,467,912.80","19,751,015.00","21,788,589.40","23,079,842.90","18,885,121.10","20,452,234.60","22,235,115.20","24,043,612.80","20,586,119.10","21,917,573.80","23,718,216.20","25,621,245.20","22,845,267.30","25,225,572.00","27,508,923.90","29,049,874.50","24,944,791.20","26,410,242.40","28,875,418.60","29,815,599.40",...,...
Rwanda,"1,187,000.00","1,225,000.00","1,226,000.00","1,295,000.00","1,322,000.00","1,354,000.00","1,396,000.00","1,394,000.00","1,424,000.00","1,458,000.00","1,518,000.00","1,561,000.00","1,594,000.00","1,620,000.00","1,672,000.00","1,736,000.00","1,817,000.00","1,869,000.00","1,927,000.00","1,985,000.00","1,986,000.00","2,000,000.00","2,065,000.00","2,137,000.00",...,...,...,...,...,...
Samoa,452.45,458.96,480.15,467.75,456.09,462.43,503.35,499.86,473.96,471.77,523.19,513.38,510.51,508.22,550.72,539.54,...,...,...,...,...,...,...,...,...,...,...,...,...,...
Saudi Arabia,"702,563.81","692,774.32","701,752.52","702,836.08","746,219.90","726,232.14","723,184.18","640,677.24","642,110.53","633,736.54","606,991.68","570,673.48","576,101.46","600,753.74","605,080.49","636,572.66","634,716.53","624,765.63","644,513.35","678,202.47","699,190.72","738,850.54","745,061.51","766,354.11","718,543.14","740,031.80","745,369.33","769,681.37",...,...
Serbia,"933,676.12","1,018,453.34","1,063,810.64","1,105,260.06","959,647.72","1,031,703.87","1,052,365.73","1,116,831.14","975,863.71","1,075,194.42","1,098,918.84","1,162,061.13","1,025,541.29","1,121,052.35","1,157,807.05","1,216,863.97","1,077,243.46","1,178,356.12","1,218,607.96","1,280,160.86","1,151,792.80","1,261,706.28","1,305,151.01","1,349,938.42","1,205,951.82","1,334,130.27","1,400,872.56","1,469,839.55","1,296,134.56",...
Seychelles,"3,882.05","3,924.87","3,993.37","4,214.24","4,148.89","4,122.60","4,253.18","4,594.52","4,476.50","4,451.60","4,646.04","4,765.70","4,683.56","4,689.33","4,727.16","4,914.01","4,963.90","4,984.30","5,137.23","5,204.58",...,...,...,...,...,...,...,...,...,...
Singapore,"93,773.00","95,587.20","96,028.30","99,481.80","97,120.80","98,340.90","99,544.70","103,941.50","103,265.10","104,436.60","106,263.80","109,478.60","106,010.00","107,670.70","109,770.30","116,767.20","115,703.60","114,447.30","116,683.20","125,245.00","120,635.10","123,701.70","127,699.00","131,359.40","125,745.40","125,250.60","127,910.50","128,661.20",...,...
Slovakia,"17,209.22","18,586.91","19,610.12","18,948.60","17,562.01","19,008.86","20,142.31","19,542.68","18,228.78","19,854.21","21,045.30","20,629.91","18,642.57","20,285.42","21,183.19","20,927.09","19,194.99","21,147.63","22,219.65","21,958.88","20,294.53","22,509.29","23,724.08","23,078.01","21,656.68","23,666.89","24,596.55","24,251.12","21,485.25",...
Slovenia,"8,467.07","9,320.22","9,348.78","9,318.26","8,785.64","9,659.25","9,687.91","9,501.50","9,046.14","9,852.73","9,975.65","9,978.12","9,378.39","10,270.48","10,354.68","10,363.01","9,876.86","10,873.06","11,016.54","11,220.60","10,563.46","11,508.73","11,811.54","11,871.08","11,162.25","12,114.86","12,392.96","12,336.52","11,146.52",...
South Africa,"841,916.12","877,803.37","900,821.73","919,435.75","916,398.13","939,966.43","965,656.76","983,328.25","976,974.31","1,005,469.08","1,021,882.73","1,047,094.55","1,052,551.72","1,079,829.24","1,096,006.72","1,121,926.49","1,114,987.24","1,149,842.47","1,178,807.10","1,208,147.97",...,...,...,...,...,...,...,...,...,...
Spain,"246,846.00","259,228.00","251,199.00","263,075.00","248,197.00","260,733.00","254,780.00","268,448.00","257,233.00","272,132.00","266,375.00","281,850.00","265,844.00","281,788.00","275,793.00","290,415.00","276,630.00","294,280.00","287,451.00","303,517.00","286,801.00","304,350.00","296,143.00","314,899.00","298,222.00","315,755.00","305,893.00","325,461.00","291,647.00","250,051.00"
Sri Lanka,"2,407,674.07","2,332,841.75","2,425,773.08","2,425,836.02","2,529,211.00","2,507,968.00","2,646,734.00","2,764,566.00","2,653,430.70","2,673,185.60","2,785,399.89","2,838,604.32","2,907,241.13","2,872,373.75","2,942,082.80","3,185,054.39","3,261,838.20","3,153,644.84","3,328,461.69","3,545,522.27",...,...,...,...,...,...,...,...,...,...
Sweden,"919,673.00","979,878.00","924,681.00","998,439.00","951,259.00","1,023,626.00","968,754.00","1,049,091.00","1,010,436.00","1,092,097.00","1,032,860.00","1,125,077.00","1,048,249.00","1,136,446.00","1,058,650.00","1,171,686.00","1,105,221.00","1,189,075.00","1,107,745.00","1,223,053.00","1,157,617.00","1,248,970.00","1,147,467.00","1,274,252.00","1,209,402.00","1,292,101.00","1,206,761.00","1,312,539.00","1,237,676.00",...
Switzerland,"156,010.39","159,920.92","160,930.21","161,315.44","159,529.10","161,882.72","163,631.01","164,675.51","161,365.79","163,381.65","164,451.19","165,059.27","162,007.22","166,464.41","166,548.28","166,484.41","164,315.11","166,776.27","168,463.42","169,986.77","168,490.30","174,168.15","173,260.74","173,626.07","172,006.64","175,265.50","175,402.80","176,271.74","169,634.59",...
Thailand,"3,193,402.00","3,093,137.00","3,153,405.00","3,249,566.00","3,242,363.00","3,201,466.00","3,265,444.00","3,430,317.00","3,397,069.00","3,349,320.00","3,463,127.00","3,706,733.00","3,665,185.00","3,581,872.00","3,687,962.00","3,881,249.00","3,843,150.00","3,737,902.00","3,931,399.00","4,068,702.00","4,033,477.00","3,910,486.00","4,090,783.00","4,179,876.00","4,207,825.00","4,075,810.00","4,207,796.00","4,264,643.00","4,101,831.00",...
Turkey,"385,824.64","441,539.54","491,263.79","491,085.11","451,269.18","487,151.07","548,625.84","557,419.79","497,687.04","562,947.77","631,512.36","646,500.33","563,890.60","631,232.69","666,176.43","747,226.03","649,434.60","735,280.55","833,706.74","892,228.27","790,113.06","890,435.95","1,026,648.92","1,017,190.01","922,000.42","1,022,645.67","1,145,879.65","1,189,855.41","1,071,097.82",...
Ukraine,"303,753.00","354,814.00","398,000.00","408,631.00","316,905.00","382,391.00","440,476.00","447,143.00","375,991.00","456,715.00","566,997.00","588,841.00","455,298.00","535,701.00","671,456.00","722,912.00","592,523.00","665,233.00","834,287.00","891,839.00","705,977.00","810,174.00","994,810.00","1,049,635.00","815,123.00","932,677.00","1,111,862.00","1,114,902.00","845,829.00",...
United Kingdom,"440,096.00","439,808.00","444,191.00","458,014.00","464,316.00","461,656.00","462,886.00","473,106.00","474,141.00","474,420.00","476,712.00","491,623.00","491,845.00","496,920.00","495,160.00","511,554.00","515,850.00","512,093.00","513,359.00","530,365.00","529,837.00","530,412.00","535,871.00","548,184.00","552,375.00","546,501.00","551,221.00","566,354.00","552,403.00",...
US,"4,049,584.00","4,163,863.00","4,234,415.00","4,336,990.00","4,193,475.00","4,355,448.00","4,449,960.00","4,528,375.00","4,381,185.00","4,563,206.00","4,614,948.00","4,665,441.00","4,488,764.00","4,678,299.00","4,734,573.00","4,813,405.00","4,649,728.00","4,863,682.00","4,940,866.00","5,065,149.00","4,917,129.00","5,141,726.00","5,209,973.00","5,311,394.00","5,148,400.00","5,360,917.00","5,404,652.00","5,517,583.00","5,251,691.00",...
Uruguay,"271,714.59","284,426.95","294,813.23","327,376.95","314,521.18","323,686.10","328,921.41","363,379.67","348,894.17","347,755.80","365,657.98","393,540.27","384,061.83","382,547.45","395,844.55","426,741.54","417,423.67","408,742.39","421,086.13","459,856.45","444,841.00","443,000.51","458,149.18","492,659.43",...,...,...,...,...,...
West Bank and Gaza,"2,829.10","3,145.50","3,183.10","3,318.30","3,171.80","3,309.80","3,188.70","3,045.30","2,936.30","3,183.80","3,216.40","3,336.50","3,233.90","3,363.90","3,457.50","3,370.40","3,387.30","3,653.70","3,728.30","3,728.80","3,689.90","3,559.50",...,...,...,...,...,...,...,...